{
  "hash": "58022557535828c2b121e95dbc2f192b",
  "result": {
    "engine": "knitr",
    "markdown": "---\ntitle: Cars Plot\nauthor: Lukas Graz\ndate: 2024-10-16\n---\n\n::: {.cell}\n\n```{.r .cell-code .hidden}\nlibrary(qreport)\n```\n\n::: {.cell-output .cell-output-stderr .hidden}\n\n```\nLoading required package: Hmisc\n```\n\n\n:::\n\n::: {.cell-output .cell-output-stderr .hidden}\n\n```\n\nAttaching package: 'Hmisc'\n```\n\n\n:::\n\n::: {.cell-output .cell-output-stderr .hidden}\n\n```\nThe following objects are masked from 'package:base':\n\n    format.pval, units\n```\n\n\n:::\n\n::: {.cell-output .cell-output-stderr .hidden}\n\n```\nLoading required package: data.table\n```\n\n\n:::\n\n::: {.cell-output .cell-output-stderr .hidden}\n\n```\nLoading required package: ggplot2\n```\n\n\n:::\n\n```{.r .cell-code .hidden}\nlibrary(ggplot2)\n```\n:::\n\n::: {.cell}\n\n```{.r .cell-code .hidden}\n#| echo: false\nplot(cars)\n```\n\n::: {.cell-output-display}\n![](cars-plot_files/figure-html/unnamed-chunk-1-1.png){width=672}\n:::\n:::\n\n\n```{.r .cell-code .hidden}\n# qreport::maketabs(\n#   list(\n#     ggplot(cars, aes(x = speed, y = dist)) + geom_point(),\n#     ggplot(cars, aes(x = speed, y = dist)) + geom_jitter()\n# ))\n```\n",
    "supporting": [
      "cars-plot_files"
    ],
    "filters": [
      "rmarkdown/pagebreak.lua"
    ],
    "includes": {},
    "engineDependencies": {},
    "preserve": {},
    "postProcess": true
  }
}