{
  "hash": "1601af1dc94ae7650874191c76e26d74",
  "result": {
    "engine": "knitr",
    "markdown": "---\ntitle: Cars Plot\nauthor: Lukas Graz\ndate: 2024-10-16\n---\n\n::: {.cell}\n\n```{.r .cell-code .hidden}\nplot(cars)\n```\n\n::: {.cell-output-display}\n![A scatter plot of the cars data set.](cars-plot_files/figure-html/cars-plot-1.png){width=672}\n:::\n:::\n",
    "supporting": [
      "cars-plot_files"
    ],
    "filters": [
      "rmarkdown/pagebreak.lua"
    ],
    "includes": {},
    "engineDependencies": {},
    "preserve": {},
    "postProcess": true
  }
}